{"cameraMode":{"drawMode":0,"name":"Shaded","section":"Shading Mode"},"sceneLighting":true,"audioPlay":false,"sceneViewState":{"showFog":true,"showMaterialUpdate":false,"showSkybox":true,"showFlares":true,"showImageEffects":true,"showParticleSystems":true},"in2DMode":false,"pivot":{"x":-0.21885117888450623,"y":0.9931201934814453,"z":-9.115532875061036},"rotation":{"x":-0.5415196418762207,"y":0.048361677676439288,"z":-0.03122413158416748,"w":-0.8387224078178406},"size":0.8583971858024597,"orthographic":false}