{"cameraMode":{"drawMode":0,"name":"Shaded","section":"Shading Mode"},"sceneLighting":true,"audioPlay":false,"sceneViewState":{"showFog":true,"showMaterialUpdate":false,"showSkybox":true,"showFlares":true,"showImageEffects":true,"showParticleSystems":true},"in2DMode":false,"pivot":{"x":0.028320495039224626,"y":0.8498979806900024,"z":-9.043959617614746},"rotation":{"x":-0.13784557580947877,"y":-0.01872127130627632,"z":0.0026064652483910324,"w":-0.9902788996696472},"size":0.5598074197769165,"orthographic":false}