{"cameraMode":{"drawMode":0,"name":"Shaded","section":"Shading Mode"},"sceneLighting":true,"audioPlay":false,"sceneViewState":{"showFog":true,"showMaterialUpdate":false,"showSkybox":true,"showFlares":true,"showImageEffects":true,"showParticleSystems":true},"in2DMode":false,"pivot":{"x":0.10270693898200989,"y":1.0281740427017213,"z":-9.426080703735352},"rotation":{"x":-0.09362047165632248,"y":-0.22731269896030427,"z":0.021961504593491555,"w":-0.969068706035614},"size":0.5153795480728149,"orthographic":false}