{"cameraMode":{"drawMode":0,"name":"Shaded","section":"Shading Mode"},"sceneLighting":true,"audioPlay":false,"sceneViewState":{"showFog":true,"showMaterialUpdate":false,"showSkybox":true,"showFlares":true,"showImageEffects":true,"showParticleSystems":true},"in2DMode":false,"pivot":{"x":-0.27134662866592409,"y":0.2647451162338257,"z":-8.840901374816895},"rotation":{"x":-0.5254114866256714,"y":0.13579697906970979,"z":-0.08537056297063828,"w":-0.8356056809425354},"size":0.791127622127533,"orthographic":false}