{"cameraMode":{"drawMode":0,"name":"Shaded","section":"Shading Mode"},"sceneLighting":true,"audioPlay":false,"sceneViewState":{"showFog":true,"showMaterialUpdate":false,"showSkybox":true,"showFlares":true,"showImageEffects":true,"showParticleSystems":true},"in2DMode":false,"pivot":{"x":-2.5820260047912599,"y":7.0459747314453129,"z":-7.794286727905273},"rotation":{"x":-0.0003084241761825979,"y":-0.09973768144845963,"z":0.000033531428925925866,"w":-0.9950218200683594},"size":3.0175070762634279,"orthographic":false}