{"cameraMode":{"drawMode":0,"name":"Shaded","section":"Shading Mode"},"sceneLighting":true,"audioPlay":false,"sceneViewState":{"showFog":true,"showMaterialUpdate":false,"showSkybox":true,"showFlares":true,"showImageEffects":true,"showParticleSystems":true},"in2DMode":false,"pivot":{"x":-2.865921974182129,"y":7.852116584777832,"z":3.3641347885131838},"rotation":{"x":0.008637897670269013,"y":0.2823065221309662,"z":-0.002528074663132429,"w":0.9593589305877686},"size":8.003173828125,"orthographic":false}