{"cameraMode":{"drawMode":0,"name":"Shaded","section":"Shading Mode"},"sceneLighting":true,"audioPlay":false,"sceneViewState":{"showFog":true,"showMaterialUpdate":false,"showSkybox":true,"showFlares":true,"showImageEffects":true,"showParticleSystems":true},"in2DMode":false,"pivot":{"x":5.339166164398193,"y":7.4051513671875,"z":-0.6515030860900879},"rotation":{"x":0.14485299587249757,"y":0.35741886496543887,"z":-0.05621388182044029,"w":0.9210013747215271},"size":5.5111517906188969,"orthographic":false}