{"cameraMode":{"drawMode":0,"name":"Shaded","section":"Shading Mode"},"sceneLighting":true,"audioPlay":false,"sceneViewState":{"showFog":true,"showMaterialUpdate":false,"showSkybox":true,"showFlares":true,"showImageEffects":true,"showParticleSystems":true},"in2DMode":false,"pivot":{"x":6.276566028594971,"y":7.038519859313965,"z":0.9312787055969238},"rotation":{"x":0.00031952603603713214,"y":0.9995991587638855,"z":-0.0258056428283453,"w":0.012611140497028828},"size":3.741731882095337,"orthographic":false}