{"cameraMode":{"drawMode":0,"name":"Shaded","section":"Shading Mode"},"sceneLighting":false,"audioPlay":false,"sceneViewState":{"showFog":true,"showMaterialUpdate":false,"showSkybox":false,"showFlares":true,"showImageEffects":true,"showParticleSystems":true},"in2DMode":false,"pivot":{"x":-0.8854844570159912,"y":3.9638075828552248,"z":-8.689252853393555},"rotation":{"x":-0.02162315510213375,"y":-0.22421032190322877,"z":-0.004976432304829359,"w":0.9742907881736755},"size":0.8660253882408142,"orthographic":false}