{"cameraMode":{"drawMode":0,"name":"Shaded","section":"Shading Mode"},"sceneLighting":true,"audioPlay":false,"sceneViewState":{"showFog":true,"showMaterialUpdate":false,"showSkybox":true,"showFlares":true,"showImageEffects":true,"showParticleSystems":true},"in2DMode":false,"pivot":{"x":0.8283421397209168,"y":0.9722536206245422,"z":9.936820030212403},"rotation":{"x":-0.04368305206298828,"y":0.38723960518836977,"z":-0.01835501939058304,"w":-0.9207982420921326},"size":2.327749729156494,"orthographic":false}